StudentID,GPA,Year,DSA,OOP,DBMS,OS_Networks,SE_Principles,Math_Stats,Python,Java_CPP,SQL,WebStack,CloudDocker,ML_AI,MobileDev,Cybersecurity,Internship,Projects,WorkStyle,SoftSkillsCount,TargetCareer
STD-1001,3.59,3rd Year,84,77,77,76,92,65,3,3,2,2,3,2,1,2,0,4,R&D / Creative,4,Software Engineer
STD-1002,3.3,1st Year,98,85,79,74,84,64,3,4,4,3,3,1,2,2,0,1,R&D / Creative,6,Software Engineer
STD-1003,3.66,1st Year,86,77,63,80,81,60,2,3,3,4,3,2,2,2,0,3,R&D / Creative,4,Software Engineer
STD-1004,3.72,2nd Year,97,70,82,68,90,65,3,3,3,3,3,3,2,2,1,6,Consulting / Management,3,Software Engineer
STD-1005,3.35,2nd Year,90,90,73,80,75,63,3,3,5,3,3,1,2,2,0,1,Technical Specialist,3,Software Engineer
STD-1006,2.91,2nd Year,84,85,71,70,85,73,3,3,3,4,2,2,1,2,1,4,R&D / Creative,5,Software Engineer
STD-1007,3.99,4th Year,85,77,70,81,89,64,3,3,3,4,3,2,3,2,1,3,Technical Specialist,3,Software Engineer
STD-1008,3.52,2nd Year,90,94,68,79,93,71,4,4,2,4,3,2,1,2,1,4,Technical Specialist,3,Software Engineer
STD-1009,3.6,4th Year,74,91,74,61,79,79,4,3,3,5,2,1,2,2,1,5,R&D / Creative,4,Software Engineer
STD-1010,3.32,2nd Year,90,89,75,79,97,71,3,4,3,4,3,1,3,3,1,9,R&D / Creative,4,Software Engineer
STD-1011,3.98,2nd Year,80,86,75,77,71,76,3,4,3,3,2,1,2,1,1,2,R&D / Creative,2,Software Engineer
STD-1012,3.11,2nd Year,82,87,63,81,93,72,4,3,4,3,2,1,3,2,1,2,Technical Specialist,3,Software Engineer
STD-1013,3.36,1st Year,88,85,80,88,87,73,3,4,3,4,4,2,2,2,1,3,Technical Specialist,6,Software Engineer
STD-1014,3.53,1st Year,80,91,71,70,82,76,4,4,3,3,3,2,2,1,1,6,R&D / Creative,3,Software Engineer
STD-1015,2.76,2nd Year,84,87,74,73,99,64,3,4,3,3,3,3,2,2,1,4,R&D / Creative,5,Software Engineer
STD-1016,3.77,4th Year,81,79,73,77,95,76,3,3,2,3,2,2,2,2,1,3,R&D / Creative,6,Software Engineer
STD-1017,3.46,2nd Year,87,83,76,71,86,66,3,3,4,4,3,1,2,1,1,2,R&D / Creative,4,Software Engineer
STD-1018,2.91,4th Year,87,78,78,65,97,78,3,2,4,3,3,1,2,2,1,4,Technical Specialist,5,Software Engineer
STD-1019,3.54,3rd Year,83,84,72,83,84,76,3,4,4,2,2,2,3,2,1,3,Technical Specialist,5,Software Engineer
STD-1020,3.31,3rd Year,94,73,74,77,84,55,3,3,3,4,2,1,1,2,1,2,Consulting / Management,6,Software Engineer
STD-1021,3.42,2nd Year,77,85,59,74,85,73,4,4,3,3,3,1,1,3,0,2,Technical Specialist,4,Software Engineer
STD-1022,3.69,3rd Year,88,76,63,77,81,71,2,3,3,3,1,2,1,4,1,4,R&D / Creative,4,Software Engineer
STD-1023,2.91,4th Year,91,75,78,70,81,65,2,4,3,4,2,1,1,2,0,6,Technical Specialist,5,Software Engineer
STD-1024,3.63,3rd Year,79,91,80,75,78,68,3,2,4,5,1,1,2,2,0,1,R&D / Creative,5,Software Engineer
STD-1025,2.76,2nd Year,79,86,75,78,96,69,3,3,3,3,2,2,3,1,1,4,Technical Specialist,5,Software Engineer
STD-1026,4.0,3rd Year,73,89,58,58,95,78,2,3,3,3,3,2,3,3,0,4,Technical Specialist,5,Software Engineer
STD-1027,3.81,2nd Year,81,90,68,81,94,72,4,3,2,2,3,2,2,2,1,1,R&D / Creative,3,Software Engineer
STD-1028,3.79,3rd Year,89,80,71,77,82,61,2,4,2,4,2,2,2,1,0,6,R&D / Creative,5,Software Engineer
STD-1029,3.45,3rd Year,75,83,79,87,92,68,2,5,3,4,2,2,2,2,0,2,Technical Specialist,4,Software Engineer
STD-1030,4.0,3rd Year,98,96,74,72,79,70,3,4,3,4,3,1,3,1,0,5,Technical Specialist,5,Software Engineer
STD-1031,3.68,4th Year,78,82,83,67,89,74,3,4,2,4,2,1,3,2,1,4,R&D / Creative,3,Software Engineer
STD-1032,3.5,4th Year,78,75,74,90,65,76,4,3,3,3,4,2,3,2,1,2,R&D / Creative,6,Software Engineer
STD-1033,3.52,3rd Year,91,77,78,73,90,72,2,3,3,3,3,1,2,3,0,5,R&D / Creative,3,Software Engineer
STD-1034,3.29,3rd Year,85,73,81,72,86,71,3,5,3,3,2,2,2,1,1,3,Technical Specialist,6,Software Engineer
STD-1035,3.21,4th Year,85,89,84,80,91,70,3,4,3,3,3,1,2,1,0,2,R&D / Creative,8,Software Engineer
STD-1036,3.44,4th Year,89,81,81,65,88,62,4,3,3,4,1,1,3,3,1,1,R&D / Creative,5,Software Engineer
STD-1037,3.63,1st Year,83,100,70,70,74,68,3,5,3,3,2,2,2,2,0,2,R&D / Creative,6,Software Engineer
STD-1038,3.73,4th Year,83,100,70,83,96,59,3,3,3,4,2,1,2,2,1,3,Technical Specialist,3,Software Engineer
STD-1039,3.41,3rd Year,92,83,62,74,83,70,3,3,2,4,2,2,2,3,1,5,Technical Specialist,5,Software Engineer
STD-1040,3.59,3rd Year,91,94,79,73,86,78,3,4,3,4,3,2,2,1,1,4,Technical Specialist,5,Software Engineer
STD-1041,3.12,3rd Year,82,81,78,78,80,68,4,3,4,4,4,1,2,2,1,1,Consulting / Management,6,Software Engineer
STD-1042,3.11,3rd Year,83,77,79,76,81,61,4,4,3,5,2,1,2,2,1,2,R&D / Creative,5,Software Engineer
STD-1043,3.12,3rd Year,100,82,71,86,67,73,3,4,4,4,2,1,2,1,1,3,R&D / Creative,6,Software Engineer
STD-1044,4.0,2nd Year,81,90,77,68,84,69,2,4,4,3,3,2,1,2,0,2,R&D / Creative,4,Software Engineer
STD-1045,3.71,1st Year,88,87,75,86,94,59,4,4,3,3,4,2,3,3,1,1,R&D / Creative,5,Software Engineer
STD-1046,3.16,3rd Year,71,69,99,77,73,90,4,2,3,1,1,4,1,1,0,2,Consulting / Management,7,Data Scientist
STD-1047,3.34,3rd Year,75,80,96,69,77,81,3,3,4,2,2,5,1,1,1,1,Consulting / Management,7,Data Scientist
STD-1048,3.41,3rd Year,82,78,72,62,62,80,5,2,4,1,3,4,1,2,0,3,Technical Specialist,5,Data Scientist
STD-1049,2.99,3rd Year,83,74,91,72,68,100,5,2,4,2,2,4,1,3,0,2,R&D / Creative,6,Data Scientist
STD-1050,3.41,3rd Year,82,84,84,72,62,94,3,2,5,1,3,5,1,2,1,3,Consulting / Management,6,Data Scientist
STD-1051,3.5,4th Year,80,73,91,52,76,92,3,2,4,1,2,4,1,2,1,4,R&D / Creative,5,Data Scientist
STD-1052,3.09,3rd Year,63,63,69,60,60,100,5,2,5,2,2,3,2,1,1,6,R&D / Creative,4,Data Scientist
STD-1053,3.49,3rd Year,77,69,75,61,67,93,5,2,4,3,3,4,1,2,1,4,R&D / Creative,5,Data Scientist
STD-1054,3.0,4th Year,78,79,84,60,70,93,4,3,4,1,3,4,1,2,1,3,Consulting / Management,5,Data Scientist
STD-1055,3.74,3rd Year,78,68,77,61,65,89,5,1,4,1,2,4,1,2,0,2,Consulting / Management,4,Data Scientist
STD-1056,3.92,3rd Year,71,72,81,53,73,82,4,2,4,1,3,4,1,2,1,5,Consulting / Management,6,Data Scientist
STD-1057,2.9,3rd Year,70,79,89,62,61,98,4,2,4,1,2,5,1,2,0,5,Technical Specialist,4,Data Scientist
STD-1058,3.26,3rd Year,66,61,79,74,70,91,4,2,5,1,3,2,1,3,1,3,R&D / Creative,6,Data Scientist
STD-1059,3.12,3rd Year,72,70,84,72,73,89,4,3,4,2,2,3,1,1,0,4,Consulting / Management,5,Data Scientist
STD-1060,3.35,4th Year,79,58,93,73,55,86,4,3,4,1,3,3,1,1,1,3,R&D / Creative,5,Data Scientist
STD-1061,3.59,3rd Year,91,60,83,56,57,93,4,2,2,1,3,3,1,1,0,3,Consulting / Management,6,Data Scientist
STD-1062,3.34,3rd Year,78,73,93,62,77,92,4,2,4,1,3,4,1,1,1,4,R&D / Creative,5,Data Scientist
STD-1063,3.39,1st Year,75,67,86,55,63,98,4,1,4,2,3,5,1,1,0,4,Consulting / Management,7,Data Scientist
STD-1064,3.23,3rd Year,72,69,77,65,75,82,4,2,4,2,1,3,1,2,1,1,Consulting / Management,5,Data Scientist
STD-1065,3.54,4th Year,76,68,86,63,81,93,4,2,5,2,2,4,1,1,1,5,R&D / Creative,6,Data Scientist
STD-1066,3.5,4th Year,69,61,83,74,71,93,4,1,4,2,3,5,1,2,1,6,R&D / Creative,7,Data Scientist
STD-1067,3.04,2nd Year,67,75,82,77,67,91,5,1,3,1,3,4,3,1,1,5,R&D / Creative,6,Data Scientist
STD-1068,3.17,3rd Year,77,73,81,48,72,92,4,2,3,2,3,3,1,1,0,8,Consulting / Management,8,Data Scientist
STD-1069,3.3,3rd Year,80,72,83,61,58,93,4,1,2,1,4,5,1,1,1,4,Consulting / Management,6,Data Scientist
STD-1070,3.7,4th Year,70,62,71,61,74,91,4,2,4,1,3,5,1,1,1,3,Consulting / Management,5,Data Scientist
STD-1071,3.7,4th Year,68,75,76,67,60,93,4,1,5,1,2,4,2,1,1,3,Consulting / Management,6,Data Scientist
STD-1072,3.38,2nd Year,83,62,89,76,68,96,4,2,4,1,2,4,2,2,0,2,R&D / Creative,6,Data Scientist
STD-1073,3.54,3rd Year,74,76,84,63,92,92,4,2,5,2,2,5,1,3,1,4,R&D / Creative,7,Data Scientist
STD-1074,3.01,4th Year,84,70,76,62,70,99,4,2,5,1,3,4,1,2,0,5,Consulting / Management,5,Data Scientist
STD-1075,3.3,4th Year,66,61,77,66,75,82,3,2,4,1,3,4,2,2,0,6,Technical Specialist,6,Data Scientist
STD-1076,3.12,3rd Year,83,67,88,61,75,99,5,1,4,2,2,4,1,1,1,3,Consulting / Management,7,Data Scientist
STD-1077,3.18,3rd Year,72,69,94,64,67,92,4,3,4,2,3,5,2,3,0,1,Technical Specialist,6,Data Scientist
STD-1078,2.92,3rd Year,72,62,77,71,81,89,4,2,5,1,3,5,1,2,1,4,R&D / Creative,7,Data Scientist
STD-1079,3.85,3rd Year,73,64,87,70,65,88,3,3,4,2,3,4,1,1,1,5,R&D / Creative,2,Data Scientist
STD-1080,3.31,3rd Year,80,59,82,61,69,95,4,3,4,2,3,4,1,1,1,5,R&D / Creative,6,Data Scientist
STD-1081,3.71,4th Year,71,66,86,76,76,88,3,1,4,1,2,4,1,1,1,4,Consulting / Management,5,Data Scientist
STD-1082,3.58,3rd Year,67,78,85,67,83,84,4,2,4,1,3,5,1,1,1,2,Consulting / Management,5,Data Scientist
STD-1083,3.84,4th Year,73,57,80,52,78,100,4,1,5,1,2,3,1,2,1,1,R&D / Creative,5,Data Scientist
STD-1084,3.79,3rd Year,75,63,85,57,70,89,4,2,4,1,2,4,1,2,0,5,Consulting / Management,5,Data Scientist
STD-1085,3.02,2nd Year,64,61,86,77,85,94,4,1,4,1,2,4,1,1,1,3,R&D / Creative,6,Data Scientist
STD-1086,3.2,2nd Year,82,68,95,60,73,93,4,3,5,1,1,4,1,1,0,5,Consulting / Management,8,Data Scientist
STD-1087,3.2,3rd Year,70,71,68,84,68,98,4,2,5,2,2,4,2,3,1,1,R&D / Creative,6,Data Scientist
STD-1088,4.0,3rd Year,78,66,92,66,82,89,4,2,4,2,3,4,1,1,1,2,Consulting / Management,4,Data Scientist
STD-1089,3.48,4th Year,74,56,86,65,64,94,5,1,4,1,2,4,1,1,0,5,R&D / Creative,3,Data Scientist
STD-1090,3.41,4th Year,82,84,90,47,82,84,3,2,3,1,3,4,1,1,0,6,Consulting / Management,4,Data Scientist
STD-1091,3.21,2nd Year,92,70,69,66,86,91,5,4,3,2,3,5,1,1,1,1,Technical Specialist,4,AI Engineer
STD-1092,3.4,2nd Year,86,82,69,85,77,73,4,3,4,2,3,4,2,1,1,6,Technical Specialist,6,AI Engineer
STD-1093,3.81,2nd Year,90,71,86,63,84,87,5,3,3,2,3,5,1,2,1,3,Technical Specialist,3,AI Engineer
STD-1094,3.42,3rd Year,81,68,72,66,77,91,5,3,3,1,3,3,1,3,0,7,R&D / Creative,4,AI Engineer
STD-1095,3.39,3rd Year,95,77,73,64,74,100,4,3,3,2,4,4,1,2,0,5,Technical Specialist,4,AI Engineer
STD-1096,3.76,4th Year,88,88,68,65,80,97,5,3,3,1,3,4,2,2,1,3,Technical Specialist,5,AI Engineer
STD-1097,3.58,2nd Year,87,68,78,84,70,91,4,3,3,2,4,5,1,2,1,4,Technical Specialist,3,AI Engineer
STD-1098,3.7,4th Year,70,80,65,65,85,86,4,5,2,3,3,4,1,2,1,7,R&D / Creative,3,AI Engineer
STD-1099,3.51,2nd Year,83,80,79,83,69,100,5,2,2,2,4,4,2,1,1,3,Consulting / Management,4,AI Engineer
STD-1100,3.45,3rd Year,89,83,77,78,72,94,5,2,3,2,3,5,1,2,1,2,R&D / Creative,5,AI Engineer
STD-1101,3.76,3rd Year,78,90,71,75,81,86,5,3,3,1,3,5,2,2,0,1,Technical Specialist,3,AI Engineer
STD-1102,3.61,1st Year,85,84,64,77,73,87,5,4,5,2,3,5,2,2,1,5,Technical Specialist,7,AI Engineer
STD-1103,3.19,2nd Year,88,85,82,81,64,88,3,2,3,2,4,5,2,2,1,4,Consulting / Management,8,AI Engineer
STD-1104,2.85,2nd Year,92,72,67,72,85,85,5,4,4,2,3,4,1,3,0,2,Technical Specialist,3,AI Engineer
STD-1105,3.38,3rd Year,80,81,74,74,85,91,4,3,4,2,3,5,2,1,1,2,Technical Specialist,5,AI Engineer
STD-1106,2.96,2nd Year,84,81,75,64,81,86,4,4,4,1,4,5,1,2,0,4,R&D / Creative,6,AI Engineer
STD-1107,3.05,1st Year,95,70,85,70,85,95,5,3,3,2,5,4,2,2,1,4,Technical Specialist,5,AI Engineer
STD-1108,3.31,2nd Year,86,82,78,65,73,100,4,4,4,2,4,4,2,3,1,2,Technical Specialist,5,AI Engineer
STD-1109,3.28,4th Year,92,86,73,77,83,100,4,3,3,2,2,5,2,2,0,1,R&D / Creative,3,AI Engineer
STD-1110,3.31,3rd Year,95,75,71,73,72,90,5,3,3,1,3,5,1,1,0,6,R&D / Creative,5,AI Engineer
STD-1111,3.24,4th Year,77,82,59,71,81,86,3,3,3,2,2,5,1,2,0,6,Technical Specialist,2,AI Engineer
STD-1112,3.37,3rd Year,87,78,72,86,83,80,4,4,4,1,2,5,2,1,1,4,Technical Specialist,5,AI Engineer
STD-1113,3.42,4th Year,90,72,75,75,87,93,5,3,4,3,3,5,1,2,1,4,R&D / Creative,5,AI Engineer
STD-1114,3.08,4th Year,83,79,82,68,75,88,5,3,3,2,3,4,1,2,1,3,R&D / Creative,6,AI Engineer
STD-1115,3.2,3rd Year,95,79,72,68,84,92,5,4,2,2,3,5,1,1,1,1,Technical Specialist,5,AI Engineer
STD-1116,3.25,2nd Year,88,82,78,71,82,100,5,3,4,1,4,5,1,1,0,2,Technical Specialist,4,AI Engineer
STD-1117,3.56,3rd Year,96,78,67,73,79,100,3,4,3,2,4,5,2,1,1,4,Technical Specialist,4,AI Engineer
STD-1118,3.52,3rd Year,81,76,74,67,83,86,5,2,4,2,3,4,2,2,0,7,R&D / Creative,5,AI Engineer
STD-1119,3.37,1st Year,92,78,71,71,83,84,4,3,3,2,4,4,1,2,1,4,Technical Specialist,4,AI Engineer
STD-1120,3.55,2nd Year,70,87,78,74,91,89,4,4,4,2,3,5,1,3,1,2,R&D / Creative,6,AI Engineer
STD-1121,3.08,4th Year,100,81,72,56,65,94,5,3,3,2,4,5,2,2,0,2,R&D / Creative,4,AI Engineer
STD-1122,3.71,4th Year,86,72,79,74,74,96,4,3,3,2,4,4,1,2,0,2,Technical Specialist,4,AI Engineer
STD-1123,3.42,3rd Year,79,77,71,61,84,80,4,4,4,2,3,4,2,2,0,4,Technical Specialist,4,AI Engineer
STD-1124,3.96,3rd Year,90,77,80,78,80,81,4,4,3,1,3,4,2,2,0,3,R&D / Creative,6,AI Engineer
STD-1125,3.93,3rd Year,85,78,82,63,86,91,4,1,3,2,4,5,3,3,0,7,R&D / Creative,4,AI Engineer
STD-1126,3.35,2nd Year,88,83,83,65,83,75,4,3,2,1,3,5,1,1,1,3,Technical Specialist,2,AI Engineer
STD-1127,3.86,3rd Year,78,87,80,70,77,94,4,4,3,2,3,5,1,2,0,4,Technical Specialist,5,AI Engineer
STD-1128,3.79,3rd Year,81,76,77,64,85,94,5,3,3,2,4,4,2,2,1,5,R&D / Creative,4,AI Engineer
STD-1129,3.5,3rd Year,100,78,79,83,76,75,5,4,3,2,3,5,1,2,1,2,Technical Specialist,5,AI Engineer
STD-1130,3.14,4th Year,87,80,54,68,68,98,5,3,4,1,5,5,1,3,0,2,R&D / Creative,3,AI Engineer
STD-1131,3.33,3rd Year,87,82,69,75,89,77,5,3,3,1,4,5,2,2,1,2,Technical Specialist,6,AI Engineer
STD-1132,3.13,2nd Year,100,81,70,72,94,77,5,3,3,2,3,5,1,1,1,5,Technical Specialist,4,AI Engineer
STD-1133,3.12,4th Year,86,84,73,60,81,91,4,3,3,1,3,4,1,2,0,5,Technical Specialist,5,AI Engineer
STD-1134,3.52,4th Year,78,75,76,75,65,98,4,3,4,1,3,4,1,3,1,1,R&D / Creative,3,AI Engineer
STD-1135,3.33,3rd Year,81,76,76,63,72,74,4,2,2,2,3,4,1,2,0,2,Technical Specialist,5,AI Engineer
STD-1136,3.63,3rd Year,66,56,81,77,85,64,3,2,4,3,5,1,2,3,1,1,Technical Specialist,6,Cloud Architect
STD-1137,2.8,2nd Year,60,68,86,95,79,61,3,1,4,3,5,1,2,3,0,4,Consulting / Management,3,Cloud Architect
STD-1138,3.41,1st Year,75,70,76,87,79,63,3,2,4,3,4,2,1,2,1,4,Consulting / Management,5,Cloud Architect
STD-1139,3.32,2nd Year,66,67,78,90,76,57,2,3,2,3,5,1,3,4,0,4,Consulting / Management,7,Cloud Architect
STD-1140,3.93,1st Year,63,69,77,83,84,55,3,2,3,2,4,2,2,4,0,3,Consulting / Management,5,Cloud Architect
STD-1141,3.43,3rd Year,66,78,75,100,80,53,2,3,4,4,5,1,1,3,0,4,R&D / Creative,4,Cloud Architect
STD-1142,3.64,2nd Year,64,76,83,98,71,76,4,3,4,2,4,1,2,3,1,2,Consulting / Management,5,Cloud Architect
STD-1143,3.55,2nd Year,65,58,91,98,83,64,4,3,4,2,5,2,2,4,1,1,Consulting / Management,4,Cloud Architect
STD-1144,3.5,2nd Year,64,68,85,93,74,66,2,3,3,3,5,2,2,3,1,2,Consulting / Management,4,Cloud Architect
STD-1145,3.43,2nd Year,47,72,85,82,72,69,2,3,3,3,4,1,1,3,0,4,Consulting / Management,4,Cloud Architect
STD-1146,3.13,2nd Year,77,63,82,100,84,72,3,2,4,3,5,1,1,4,0,2,Technical Specialist,5,Cloud Architect
STD-1147,3.71,3rd Year,64,64,79,89,78,65,3,2,2,4,5,1,2,4,0,10,Technical Specialist,5,Cloud Architect
STD-1148,3.3,3rd Year,67,69,82,88,76,56,3,1,3,2,4,1,2,4,0,4,Technical Specialist,3,Cloud Architect
STD-1149,3.29,3rd Year,64,64,76,88,80,75,4,2,3,2,4,2,1,4,0,4,Technical Specialist,7,Cloud Architect
STD-1150,3.79,1st Year,72,85,77,93,83,66,3,3,1,3,5,1,3,3,0,2,Technical Specialist,4,Cloud Architect
STD-1151,3.9,4th Year,68,67,83,80,78,65,2,2,3,2,4,2,1,3,0,1,Technical Specialist,3,Cloud Architect
STD-1152,3.84,3rd Year,73,74,72,89,74,62,3,2,2,2,4,1,3,4,0,2,Technical Specialist,4,Cloud Architect
STD-1153,3.31,4th Year,67,74,83,90,86,51,3,2,4,3,4,2,2,4,0,2,Technical Specialist,6,Cloud Architect
STD-1154,3.77,3rd Year,79,51,77,90,83,58,4,2,3,3,5,1,3,3,1,5,Technical Specialist,3,Cloud Architect
STD-1155,3.4,2nd Year,70,65,85,84,89,59,3,3,3,4,4,2,3,4,1,1,Consulting / Management,4,Cloud Architect
STD-1156,3.83,3rd Year,61,57,72,100,93,64,2,4,4,3,4,1,1,4,0,6,Technical Specialist,6,Cloud Architect
STD-1157,3.5,2nd Year,67,64,67,88,82,63,3,2,3,2,4,2,1,3,0,5,Consulting / Management,2,Cloud Architect
STD-1158,3.29,2nd Year,64,64,72,100,89,78,2,3,2,2,4,2,1,4,1,1,Technical Specialist,5,Cloud Architect
STD-1159,4.0,3rd Year,59,73,81,94,77,63,3,2,3,3,5,1,2,4,0,5,Technical Specialist,5,Cloud Architect
STD-1160,3.4,2nd Year,68,69,83,99,85,58,3,2,2,2,5,2,1,4,0,4,Consulting / Management,5,Cloud Architect
STD-1161,3.17,2nd Year,69,76,75,87,85,61,3,3,3,2,5,3,2,3,0,4,Consulting / Management,5,Cloud Architect
STD-1162,3.72,4th Year,65,70,81,91,75,75,4,3,3,3,5,1,3,2,1,8,Consulting / Management,5,Cloud Architect
STD-1163,3.39,4th Year,63,77,90,83,74,64,3,2,4,3,5,1,1,4,0,5,Consulting / Management,2,Cloud Architect
STD-1164,3.47,3rd Year,77,78,77,84,82,66,3,2,4,2,5,1,3,4,0,7,Technical Specialist,8,Cloud Architect
STD-1165,3.85,3rd Year,59,69,76,85,87,78,3,3,3,2,5,1,2,4,1,3,Consulting / Management,3,Cloud Architect
STD-1166,3.64,2nd Year,66,62,74,91,70,60,2,3,3,2,5,1,1,3,0,2,Technical Specialist,3,Cloud Architect
STD-1167,3.42,3rd Year,60,68,72,79,79,62,3,3,4,2,5,2,2,3,1,3,Technical Specialist,3,Cloud Architect
STD-1168,3.1,1st Year,57,69,82,93,79,67,3,3,3,3,4,1,1,4,1,1,Consulting / Management,6,Cloud Architect
STD-1169,3.5,4th Year,74,73,93,86,69,65,3,3,3,3,5,2,2,3,1,3,Consulting / Management,3,Cloud Architect
STD-1170,3.14,1st Year,78,60,84,84,78,61,3,2,3,2,4,2,2,4,1,2,Technical Specialist,6,Cloud Architect
STD-1171,3.45,3rd Year,68,65,80,89,66,67,3,2,2,2,5,2,2,2,0,7,Consulting / Management,5,Cloud Architect
STD-1172,3.36,1st Year,77,81,73,100,77,74,2,3,3,2,5,2,1,3,1,7,Consulting / Management,4,Cloud Architect
STD-1173,2.68,1st Year,72,69,79,82,68,67,3,4,3,2,5,2,1,3,0,3,R&D / Creative,8,Cloud Architect
STD-1174,3.69,1st Year,67,73,82,88,71,68,2,4,3,2,4,1,1,4,1,6,Technical Specialist,5,Cloud Architect
STD-1175,3.61,3rd Year,73,77,87,91,86,59,3,2,2,2,4,2,1,3,1,5,R&D / Creative,5,Cloud Architect
STD-1176,2.87,3rd Year,70,69,76,94,78,65,3,2,4,4,5,1,1,3,0,3,Consulting / Management,4,Cloud Architect
STD-1177,3.44,3rd Year,72,59,66,100,74,69,3,2,3,3,4,1,2,3,1,6,Technical Specialist,6,Cloud Architect
STD-1178,3.69,3rd Year,60,81,79,83,71,71,3,3,4,2,4,2,2,3,0,3,Consulting / Management,5,Cloud Architect
STD-1179,3.33,1st Year,76,75,84,90,71,69,2,2,2,2,5,1,3,4,0,5,Technical Specialist,3,Cloud Architect
STD-1180,3.37,3rd Year,67,81,66,99,78,71,3,3,3,2,5,1,2,4,1,4,Technical Specialist,3,Cloud Architect
STD-1181,3.17,2nd Year,40,65,59,48,84,69,2,1,1,3,1,1,2,1,1,5,R&D / Creative,3,UX Designer
STD-1182,3.93,3rd Year,45,53,50,52,88,54,1,1,2,4,1,2,4,1,1,4,R&D / Creative,5,UX Designer
STD-1183,3.18,1st Year,48,59,52,41,76,49,1,2,2,4,2,2,2,1,1,1,R&D / Creative,4,UX Designer
STD-1184,3.96,4th Year,47,48,56,44,72,45,3,1,2,2,3,2,3,1,1,6,Consulting / Management,5,UX Designer
STD-1185,3.64,4th Year,61,47,40,40,89,67,1,1,1,4,1,2,3,1,1,2,Consulting / Management,7,UX Designer
STD-1186,3.76,4th Year,56,57,40,40,85,54,2,1,2,5,1,2,3,1,1,2,R&D / Creative,6,UX Designer
STD-1187,3.43,3rd Year,48,50,57,40,84,49,2,1,1,4,1,2,4,1,1,4,R&D / Creative,5,UX Designer
STD-1188,3.66,4th Year,47,41,45,58,81,61,1,1,1,3,1,1,3,1,1,5,Consulting / Management,2,UX Designer
STD-1189,3.54,2nd Year,49,66,43,42,88,57,1,1,2,3,1,1,3,1,1,1,R&D / Creative,6,UX Designer
STD-1190,3.53,4th Year,49,50,55,43,76,55,1,1,2,3,2,1,4,1,0,4,R&D / Creative,4,UX Designer
STD-1191,3.77,3rd Year,67,45,40,45,68,49,2,2,2,3,1,1,3,1,0,3,Consulting / Management,5,UX Designer
STD-1192,3.63,3rd Year,54,57,44,46,88,50,3,1,2,3,1,1,3,1,1,2,Consulting / Management,5,UX Designer
STD-1193,2.79,2nd Year,64,61,52,47,87,52,1,1,1,4,1,1,3,1,1,3,R&D / Creative,6,UX Designer
STD-1194,3.32,2nd Year,40,60,52,65,87,60,1,1,2,3,1,2,3,1,1,5,R&D / Creative,5,UX Designer
STD-1195,2.84,3rd Year,47,63,56,40,72,57,1,1,1,2,1,2,3,1,0,4,R&D / Creative,5,UX Designer
STD-1196,3.38,3rd Year,50,72,52,48,95,67,2,1,2,3,1,2,3,1,1,1,R&D / Creative,4,UX Designer
STD-1197,3.76,2nd Year,40,63,62,50,88,50,1,2,2,4,1,2,4,2,1,3,R&D / Creative,5,UX Designer
STD-1198,3.44,1st Year,47,59,54,48,71,54,1,1,1,4,1,1,4,1,1,2,R&D / Creative,6,UX Designer
STD-1199,3.69,2nd Year,40,53,52,49,81,59,1,1,2,3,1,1,2,1,0,2,Technical Specialist,5,UX Designer
STD-1200,3.09,2nd Year,45,57,40,43,72,47,1,1,1,3,1,1,3,1,0,2,Consulting / Management,5,UX Designer
STD-1201,3.49,3rd Year,49,54,49,47,78,64,2,2,1,3,1,1,3,1,1,2,Consulting / Management,5,UX Designer
STD-1202,3.41,3rd Year,44,53,49,49,89,55,1,1,2,3,1,1,3,1,1,3,Consulting / Management,2,UX Designer
STD-1203,3.65,3rd Year,50,53,58,52,86,51,1,1,2,4,1,1,3,1,1,6,Consulting / Management,6,UX Designer
STD-1204,3.08,3rd Year,56,47,46,51,82,61,2,1,2,3,2,1,3,1,0,4,Consulting / Management,6,UX Designer
STD-1205,3.76,3rd Year,52,59,47,40,93,44,1,1,2,3,1,3,3,2,1,3,Consulting / Management,4,UX Designer
STD-1206,3.15,4th Year,40,60,51,40,78,54,2,1,1,3,1,1,3,1,1,5,R&D / Creative,6,UX Designer
STD-1207,3.74,4th Year,60,53,45,55,75,47,2,1,1,3,1,1,3,2,0,3,Consulting / Management,5,UX Designer
STD-1208,3.52,2nd Year,55,55,42,53,87,46,1,1,2,4,1,2,2,1,0,4,R&D / Creative,4,UX Designer
STD-1209,3.51,4th Year,53,55,47,44,57,56,1,2,2,3,1,1,3,1,0,3,R&D / Creative,6,UX Designer
STD-1210,3.53,4th Year,43,59,44,45,87,62,2,1,1,4,1,1,3,1,1,2,Consulting / Management,5,UX Designer
STD-1211,3.52,2nd Year,57,46,48,52,85,55,1,1,2,2,1,1,4,1,1,5,R&D / Creative,2,UX Designer
STD-1212,4.0,4th Year,58,52,51,40,83,44,1,1,2,3,1,2,2,1,0,3,Consulting / Management,3,UX Designer
STD-1213,3.85,2nd Year,47,45,52,42,82,52,2,1,2,3,1,2,3,1,1,4,R&D / Creative,5,UX Designer
STD-1214,3.76,4th Year,47,65,54,46,73,47,2,1,2,4,1,2,4,1,1,3,Consulting / Management,7,UX Designer
STD-1215,3.6,3rd Year,51,50,50,40,82,53,2,1,1,3,1,1,3,1,1,3,Consulting / Management,5,UX Designer
STD-1216,3.47,3rd Year,62,53,43,40,78,52,1,1,1,3,1,2,3,1,1,7,R&D / Creative,5,UX Designer
STD-1217,3.33,3rd Year,52,47,47,49,86,51,1,1,1,3,2,2,3,1,0,6,Consulting / Management,5,UX Designer
STD-1218,2.7,2nd Year,50,55,43,42,84,49,1,1,1,4,1,3,1,1,1,2,R&D / Creative,3,UX Designer
STD-1219,3.61,1st Year,48,70,58,40,85,62,1,1,1,4,1,1,3,2,0,3,R&D / Creative,5,UX Designer
STD-1220,3.73,3rd Year,41,54,49,40,82,56,3,2,2,3,2,1,4,1,1,1,R&D / Creative,4,UX Designer
STD-1221,4.0,3rd Year,54,54,53,40,79,59,3,1,1,3,1,1,3,1,1,2,R&D / Creative,3,UX Designer
STD-1222,3.15,4th Year,56,57,46,40,66,47,1,2,2,4,1,2,4,1,1,5,Technical Specialist,5,UX Designer
STD-1223,3.32,2nd Year,50,70,45,56,82,58,1,1,1,4,2,1,3,2,1,3,Consulting / Management,4,UX Designer
STD-1224,3.43,2nd Year,47,49,54,41,76,52,1,1,2,4,1,2,3,1,1,2,Consulting / Management,3,UX Designer
STD-1225,3.89,4th Year,54,55,57,47,90,48,2,1,1,4,2,1,3,1,1,4,R&D / Creative,4,UX Designer
STD-1226,3.66,4th Year,47,59,77,59,94,80,2,1,3,2,1,2,2,3,1,5,Consulting / Management,6,IT Business Analyst
STD-1227,3.36,3rd Year,51,52,77,58,89,67,2,1,2,2,2,2,1,2,1,2,Consulting / Management,6,IT Business Analyst
STD-1228,2.97,2nd Year,58,64,79,61,79,80,3,2,3,2,2,3,2,2,1,1,Consulting / Management,5,IT Business Analyst
STD-1229,3.45,1st Year,62,60,85,60,93,76,1,1,4,3,2,2,1,1,0,2,Consulting / Management,4,IT Business Analyst
STD-1230,3.52,3rd Year,61,66,68,63,86,77,2,2,3,1,3,2,1,2,1,6,Consulting / Management,5,IT Business Analyst
STD-1231,3.17,3rd Year,49,58,68,57,100,80,2,1,4,2,2,2,1,1,1,3,Consulting / Management,5,IT Business Analyst
STD-1232,3.5,3rd Year,52,61,87,50,87,76,1,2,4,2,1,3,1,3,1,3,Consulting / Management,5,IT Business Analyst
STD-1233,3.29,3rd Year,44,58,65,56,91,62,2,1,4,2,2,2,1,1,1,2,Consulting / Management,3,IT Business Analyst
STD-1234,2.89,4th Year,60,63,71,56,88,73,2,1,4,3,2,3,2,3,0,3,Consulting / Management,6,IT Business Analyst
STD-1235,2.78,2nd Year,60,47,79,63,93,63,2,1,2,1,2,1,2,3,1,2,Consulting / Management,5,IT Business Analyst
STD-1236,2.64,2nd Year,54,58,69,58,78,81,2,2,4,2,1,3,2,2,0,4,Consulting / Management,5,IT Business Analyst
STD-1237,3.14,3rd Year,53,59,83,63,94,73,3,1,4,4,2,2,1,2,0,2,Consulting / Management,7,IT Business Analyst
STD-1238,4.0,3rd Year,66,44,79,60,77,83,2,2,2,2,1,3,2,2,1,5,Technical Specialist,4,IT Business Analyst
STD-1239,2.94,4th Year,53,50,72,55,90,73,2,1,3,2,2,1,1,3,0,1,Consulting / Management,5,IT Business Analyst
STD-1240,3.14,2nd Year,54,53,87,63,90,71,2,2,3,2,1,2,1,2,1,3,Consulting / Management,4,IT Business Analyst
STD-1241,2.87,4th Year,56,55,61,67,87,61,1,2,4,2,1,1,2,2,1,3,Consulting / Management,5,IT Business Analyst
STD-1242,3.32,3rd Year,50,48,83,51,83,65,2,3,3,2,1,2,2,2,1,4,Consulting / Management,8,IT Business Analyst
STD-1243,2.96,3rd Year,74,57,81,65,95,65,1,1,4,1,2,2,2,1,1,6,Consulting / Management,6,IT Business Analyst
STD-1244,3.64,3rd Year,57,46,75,59,85,75,2,2,3,2,1,2,2,2,1,4,Consulting / Management,5,IT Business Analyst
STD-1245,3.43,4th Year,48,47,87,53,79,60,2,1,4,2,2,2,2,3,1,2,Consulting / Management,7,IT Business Analyst
STD-1246,3.56,3rd Year,49,48,84,57,75,71,3,2,4,3,1,1,1,3,0,4,Consulting / Management,6,IT Business Analyst
STD-1247,3.13,1st Year,60,57,67,65,84,80,2,1,4,2,1,2,1,3,1,4,Consulting / Management,5,IT Business Analyst
STD-1248,3.51,3rd Year,51,52,77,68,88,72,1,1,2,2,2,1,2,2,0,4,Consulting / Management,5,IT Business Analyst
STD-1249,3.46,1st Year,60,59,70,61,97,68,1,2,5,2,2,2,2,2,0,7,Consulting / Management,5,IT Business Analyst
STD-1250,4.0,3rd Year,53,53,73,53,93,70,3,1,4,2,2,2,2,2,0,5,Consulting / Management,5,IT Business Analyst
STD-1251,3.69,3rd Year,60,72,67,60,86,80,2,1,4,3,1,2,1,2,1,4,Consulting / Management,7,IT Business Analyst
STD-1252,2.64,3rd Year,54,48,77,54,96,82,2,1,3,2,2,1,1,2,1,3,Consulting / Management,5,IT Business Analyst
STD-1253,3.67,4th Year,60,52,78,58,79,81,1,2,4,2,1,3,1,2,1,4,Technical Specialist,5,IT Business Analyst
STD-1254,3.34,4th Year,49,53,74,55,89,60,2,3,3,2,2,3,1,1,0,6,Consulting / Management,6,IT Business Analyst
STD-1255,3.61,1st Year,41,43,72,63,82,72,1,1,3,2,2,2,1,2,0,3,Technical Specialist,6,IT Business Analyst
STD-1256,3.81,4th Year,55,41,79,60,93,76,2,2,4,1,2,1,2,3,0,4,Consulting / Management,4,IT Business Analyst
STD-1257,3.24,1st Year,61,48,76,65,87,78,1,1,3,2,2,1,2,2,1,1,Technical Specialist,4,IT Business Analyst
STD-1258,3.69,3rd Year,46,54,79,59,100,62,2,1,2,2,2,2,1,4,0,7,Consulting / Management,5,IT Business Analyst
STD-1259,2.8,3rd Year,52,45,77,62,94,69,2,1,4,2,1,3,1,2,0,4,Consulting / Management,4,IT Business Analyst
STD-1260,3.28,3rd Year,43,42,77,62,94,79,3,1,3,2,1,1,3,1,1,3,Consulting / Management,5,IT Business Analyst
STD-1261,3.17,2nd Year,69,48,77,69,100,77,2,1,3,3,1,2,2,2,1,6,Consulting / Management,7,IT Business Analyst
STD-1262,4.0,3rd Year,51,53,71,62,97,82,2,2,4,1,2,1,1,2,1,3,Consulting / Management,5,IT Business Analyst
STD-1263,3.34,3rd Year,56,58,72,63,95,71,2,2,3,3,2,2,2,2,0,4,Consulting / Management,6,IT Business Analyst
STD-1264,3.29,3rd Year,50,40,73,71,92,70,3,2,4,2,2,2,1,1,0,3,Consulting / Management,5,IT Business Analyst
STD-1265,3.3,4th Year,60,51,85,48,88,75,2,2,3,3,2,1,2,2,0,2,Consulting / Management,8,IT Business Analyst
STD-1266,3.08,3rd Year,48,62,71,66,83,85,3,1,3,3,1,2,2,3,1,4,Consulting / Management,7,IT Business Analyst
STD-1267,3.48,3rd Year,55,60,68,53,86,70,3,2,4,2,2,1,2,2,1,3,Consulting / Management,5,IT Business Analyst
STD-1268,3.52,2nd Year,51,47,85,58,82,76,1,2,3,3,2,1,1,2,0,3,Consulting / Management,7,IT Business Analyst
STD-1269,3.82,4th Year,57,54,74,54,93,78,2,1,4,3,1,2,2,2,0,6,Consulting / Management,6,IT Business Analyst
STD-1270,3.53,3rd Year,46,54,87,54,86,85,2,2,4,1,2,3,1,2,1,1,Consulting / Management,6,IT Business Analyst
STD-1271,3.72,2nd Year,89,89,58,65,61,89,2,4,2,2,2,1,3,2,1,1,Technical Specialist,3,Game Developer
STD-1272,3.91,2nd Year,100,91,54,65,76,77,3,4,3,3,1,2,3,2,0,3,R&D / Creative,3,Game Developer
STD-1273,3.48,3rd Year,88,94,60,80,75,88,3,4,1,2,2,2,4,1,1,4,R&D / Creative,6,Game Developer
STD-1274,3.82,2nd Year,100,100,53,64,68,90,3,4,1,2,1,2,4,1,0,6,R&D / Creative,3,Game Developer
STD-1275,4.0,2nd Year,87,72,54,75,68,87,2,4,2,1,2,2,4,2,0,4,Technical Specialist,3,Game Developer
STD-1276,3.3,3rd Year,77,90,66,84,79,96,2,5,1,2,2,1,2,1,1,6,R&D / Creative,4,Game Developer
STD-1277,3.75,3rd Year,80,85,59,62,67,89,3,4,3,3,3,2,4,3,0,2,Technical Specialist,4,Game Developer
STD-1278,3.63,4th Year,81,85,63,73,79,73,3,4,2,4,2,2,2,2,1,2,R&D / Creative,3,Game Developer
STD-1279,3.63,2nd Year,92,97,64,75,69,74,3,5,3,2,2,2,3,1,0,5,Technical Specialist,4,Game Developer
STD-1280,3.85,4th Year,83,81,64,63,67,82,2,4,1,3,3,1,4,1,1,2,Technical Specialist,6,Game Developer
STD-1281,2.76,2nd Year,88,85,65,63,79,79,2,4,3,2,2,1,4,2,1,4,R&D / Creative,5,Game Developer
STD-1282,3.19,3rd Year,84,96,64,58,67,84,2,5,2,2,2,2,2,1,0,6,Technical Specialist,7,Game Developer
STD-1283,3.8,3rd Year,80,89,66,52,81,82,3,4,1,2,1,2,3,1,1,1,R&D / Creative,5,Game Developer
STD-1284,3.31,4th Year,84,81,63,81,74,84,3,4,3,3,1,2,3,1,1,2,Technical Specialist,5,Game Developer
STD-1285,3.65,1st Year,81,100,65,62,93,82,3,5,1,2,3,2,4,1,1,2,Technical Specialist,4,Game Developer
STD-1286,3.51,4th Year,73,86,63,64,85,94,2,4,1,1,1,2,3,1,1,4,Technical Specialist,4,Game Developer
STD-1287,3.34,1st Year,90,85,51,70,76,80,2,5,2,2,2,3,3,3,1,1,Technical Specialist,5,Game Developer
STD-1288,3.87,2nd Year,77,84,56,73,70,85,2,5,1,1,2,3,2,1,0,4,R&D / Creative,5,Game Developer
STD-1289,2.89,2nd Year,87,78,57,78,66,82,4,4,3,2,2,3,3,2,0,2,R&D / Creative,6,Game Developer
STD-1290,3.81,1st Year,88,93,55,79,63,77,3,5,4,2,3,1,2,2,1,1,R&D / Creative,2,Game Developer
STD-1291,2.87,3rd Year,72,90,53,72,77,85,3,5,1,2,2,3,3,2,1,5,R&D / Creative,6,Game Developer
STD-1292,3.14,3rd Year,84,88,50,69,82,89,3,4,3,2,3,2,3,2,1,5,R&D / Creative,4,Game Developer
STD-1293,3.41,4th Year,78,89,68,74,78,90,2,5,1,3,3,2,3,1,0,5,R&D / Creative,6,Game Developer
STD-1294,2.96,3rd Year,97,93,53,66,79,88,2,5,1,2,2,3,3,2,0,7,Technical Specialist,6,Game Developer
STD-1295,2.85,4th Year,87,95,65,63,71,80,3,5,2,2,3,2,4,1,0,4,Technical Specialist,2,Game Developer
STD-1296,3.18,2nd Year,97,94,72,74,82,87,2,5,2,2,1,2,3,2,1,4,R&D / Creative,4,Game Developer
STD-1297,3.71,3rd Year,93,86,63,68,57,83,2,4,2,2,2,2,3,1,0,1,Technical Specialist,2,Game Developer
STD-1298,3.14,4th Year,78,93,55,68,78,88,2,5,3,1,2,3,3,1,0,2,R&D / Creative,3,Game Developer
STD-1299,3.89,4th Year,75,88,54,80,62,82,2,5,3,2,2,2,4,2,1,5,Consulting / Management,4,Game Developer
STD-1300,3.32,3rd Year,86,94,63,75,77,100,2,3,2,1,1,1,2,1,0,1,Technical Specialist,5,Game Developer
STD-1301,3.35,3rd Year,87,91,69,64,71,89,3,4,1,2,2,2,3,1,1,2,Technical Specialist,6,Game Developer
STD-1302,3.38,4th Year,82,98,60,70,73,89,2,5,1,1,2,2,3,2,1,5,Technical Specialist,4,Game Developer
STD-1303,2.91,4th Year,84,78,71,78,79,84,3,4,1,3,2,2,3,2,0,3,R&D / Creative,4,Game Developer
STD-1304,3.66,4th Year,80,89,52,63,72,87,4,4,2,1,3,1,3,1,0,3,Technical Specialist,4,Game Developer
STD-1305,3.28,4th Year,83,82,43,78,64,89,3,5,2,2,3,2,2,3,1,3,R&D / Creative,5,Game Developer
STD-1306,2.89,3rd Year,84,86,50,72,79,75,2,4,1,2,2,2,2,2,0,1,R&D / Creative,4,Game Developer
STD-1307,3.31,2nd Year,79,99,64,75,74,92,3,5,2,2,3,2,2,1,1,2,Technical Specialist,6,Game Developer
STD-1308,3.61,2nd Year,89,81,57,63,68,70,3,4,3,3,1,1,5,3,0,3,R&D / Creative,4,Game Developer
STD-1309,2.41,2nd Year,85,89,71,63,72,96,3,4,2,1,2,3,4,1,0,3,R&D / Creative,6,Game Developer
STD-1310,3.35,3rd Year,89,82,48,64,66,96,2,5,2,2,2,2,3,2,1,2,Technical Specialist,4,Game Developer
STD-1311,3.52,3rd Year,85,90,54,61,74,84,3,4,2,1,2,2,3,2,1,4,R&D / Creative,5,Game Developer
STD-1312,3.13,2nd Year,74,80,74,69,74,89,3,5,3,2,2,2,3,1,0,2,R&D / Creative,5,Game Developer
STD-1313,3.19,2nd Year,81,89,59,77,75,80,3,4,1,2,2,2,3,1,1,4,Technical Specialist,5,Game Developer
STD-1314,3.07,2nd Year,81,97,71,65,76,83,3,4,1,3,2,2,3,2,1,4,Technical Specialist,5,Game Developer
STD-1315,3.05,2nd Year,87,85,63,79,83,86,3,4,1,3,2,1,4,1,1,5,Technical Specialist,4,Game Developer
STD-1316,3.61,4th Year,68,59,63,55,67,71,2,2,2,3,2,3,1,1,1,4,Technical Specialist,3,CAD-CAM Engineer
STD-1317,3.49,3rd Year,68,58,65,67,79,85,2,4,2,1,1,2,1,2,0,5,Technical Specialist,4,CAD-CAM Engineer
STD-1318,3.95,3rd Year,63,50,64,55,72,78,2,3,2,2,1,3,2,2,0,5,Technical Specialist,4,CAD-CAM Engineer
STD-1319,3.59,3rd Year,75,77,65,64,80,96,2,4,2,1,1,2,1,2,1,4,Consulting / Management,4,CAD-CAM Engineer
STD-1320,3.37,2nd Year,50,76,64,67,89,96,2,2,2,1,1,2,1,3,1,4,Technical Specialist,5,CAD-CAM Engineer
STD-1321,3.42,3rd Year,80,73,58,76,80,77,4,3,2,2,2,2,1,2,0,3,Technical Specialist,6,CAD-CAM Engineer
STD-1322,3.14,3rd Year,65,71,47,53,72,81,2,4,3,3,2,2,1,1,1,4,Technical Specialist,7,CAD-CAM Engineer
STD-1323,3.43,2nd Year,78,71,68,60,66,91,2,1,2,2,1,2,1,2,1,1,Technical Specialist,3,CAD-CAM Engineer
STD-1324,2.98,3rd Year,76,75,55,63,90,74,2,3,3,4,2,1,1,1,0,3,Consulting / Management,5,CAD-CAM Engineer
STD-1325,3.76,3rd Year,77,76,59,40,70,80,2,3,2,1,1,2,2,1,1,2,Technical Specialist,4,CAD-CAM Engineer
STD-1326,3.77,1st Year,73,62,53,56,69,86,1,2,3,1,2,2,1,2,1,4,Technical Specialist,4,CAD-CAM Engineer
STD-1327,3.47,3rd Year,59,86,69,61,77,84,1,3,3,1,2,3,1,1,0,4,Technical Specialist,3,CAD-CAM Engineer
STD-1328,3.86,3rd Year,61,72,58,51,88,79,3,4,2,2,2,3,1,1,1,7,Technical Specialist,4,CAD-CAM Engineer
STD-1329,3.61,3rd Year,72,75,57,63,78,86,2,3,3,1,2,2,1,3,1,4,Technical Specialist,5,CAD-CAM Engineer
STD-1330,3.42,3rd Year,68,76,58,64,62,89,1,3,1,2,2,2,2,1,0,4,Technical Specialist,2,CAD-CAM Engineer
STD-1331,3.51,2nd Year,59,61,60,68,80,84,2,3,2,2,1,2,1,3,0,7,Technical Specialist,6,CAD-CAM Engineer
STD-1332,3.16,2nd Year,62,63,65,55,65,80,2,2,1,3,1,2,1,1,0,4,Technical Specialist,5,CAD-CAM Engineer
STD-1333,3.83,4th Year,69,54,61,73,72,83,3,3,2,1,1,3,1,2,0,1,Technical Specialist,5,CAD-CAM Engineer
STD-1334,3.28,2nd Year,70,73,52,57,52,88,2,3,1,2,2,2,1,1,1,2,Technical Specialist,4,CAD-CAM Engineer
STD-1335,3.51,3rd Year,66,69,50,61,87,73,2,3,2,1,2,3,1,1,1,4,Technical Specialist,5,CAD-CAM Engineer
STD-1336,3.3,2nd Year,62,55,57,59,71,94,3,4,2,2,2,2,1,1,0,5,R&D / Creative,5,CAD-CAM Engineer
STD-1337,3.15,3rd Year,79,66,55,48,68,80,2,1,2,2,2,1,1,2,0,2,Technical Specialist,6,CAD-CAM Engineer
STD-1338,3.86,2nd Year,70,54,58,55,71,84,3,2,1,1,2,1,1,2,0,7,Technical Specialist,4,CAD-CAM Engineer
STD-1339,3.38,4th Year,73,71,65,64,79,89,2,3,1,1,1,2,1,2,1,7,Technical Specialist,5,CAD-CAM Engineer
STD-1340,3.78,2nd Year,58,69,55,47,84,88,4,4,3,1,1,2,1,1,0,3,Technical Specialist,8,CAD-CAM Engineer
STD-1341,2.79,2nd Year,62,72,54,67,69,86,2,2,2,1,1,2,1,2,1,5,Technical Specialist,5,CAD-CAM Engineer
STD-1342,3.14,3rd Year,68,71,55,57,77,95,3,3,2,2,1,1,1,1,1,5,Technical Specialist,4,CAD-CAM Engineer
STD-1343,3.33,3rd Year,80,78,60,51,84,93,3,2,3,2,2,2,1,2,0,2,Technical Specialist,6,CAD-CAM Engineer
STD-1344,3.82,2nd Year,69,73,53,68,95,78,2,3,2,2,1,2,1,2,0,5,Technical Specialist,6,CAD-CAM Engineer
STD-1345,2.92,3rd Year,67,62,53,58,75,90,2,3,2,1,2,3,2,1,1,5,Technical Specialist,6,CAD-CAM Engineer
STD-1346,3.65,4th Year,80,65,68,56,84,88,3,3,2,2,1,2,2,2,1,3,Technical Specialist,5,CAD-CAM Engineer
STD-1347,3.7,3rd Year,55,60,68,55,79,89,3,3,2,1,1,2,2,2,1,4,R&D / Creative,5,CAD-CAM Engineer
STD-1348,3.27,4th Year,65,74,65,49,77,87,3,3,1,2,1,2,1,2,1,1,R&D / Creative,5,CAD-CAM Engineer
STD-1349,3.12,2nd Year,69,68,63,58,79,82,3,4,2,2,1,3,2,1,1,6,Technical Specialist,6,CAD-CAM Engineer
STD-1350,3.16,1st Year,74,68,54,77,67,85,3,4,2,1,1,3,1,2,1,1,Technical Specialist,5,CAD-CAM Engineer
STD-1351,3.63,2nd Year,80,62,51,68,76,85,3,3,3,1,1,1,1,3,0,5,R&D / Creative,6,CAD-CAM Engineer
STD-1352,3.36,4th Year,55,60,56,49,67,87,2,4,2,2,1,2,1,2,1,2,Consulting / Management,5,CAD-CAM Engineer
STD-1353,3.58,3rd Year,69,68,60,64,63,80,2,3,2,2,2,3,1,2,1,1,Technical Specialist,6,CAD-CAM Engineer
STD-1354,3.29,2nd Year,85,68,59,65,77,87,3,4,1,1,1,2,1,2,1,3,Technical Specialist,6,CAD-CAM Engineer
STD-1355,3.55,4th Year,73,64,57,75,77,74,3,4,1,1,2,2,1,1,0,5,Technical Specialist,6,CAD-CAM Engineer
STD-1356,4.0,3rd Year,74,60,56,45,73,98,3,3,3,1,2,2,1,2,1,2,Technical Specialist,3,CAD-CAM Engineer
STD-1357,3.75,1st Year,79,63,73,58,74,77,2,4,2,2,2,2,1,2,1,1,Technical Specialist,4,CAD-CAM Engineer
STD-1358,3.43,2nd Year,78,64,40,81,69,79,2,2,2,2,1,2,2,1,1,4,Technical Specialist,5,CAD-CAM Engineer
STD-1359,2.73,4th Year,64,83,62,42,66,69,2,2,2,1,2,2,1,3,0,6,Technical Specialist,5,CAD-CAM Engineer
STD-1360,3.38,4th Year,77,76,69,58,87,93,3,3,2,2,3,2,1,1,0,7,Technical Specialist,3,CAD-CAM Engineer
STD-1361,3.94,3rd Year,82,63,62,95,62,83,3,2,3,2,4,2,1,4,1,2,Consulting / Management,5,Cybersecurity Specialist
STD-1362,3.57,4th Year,76,69,70,83,68,59,3,3,3,4,3,2,2,3,0,3,Technical Specialist,3,Cybersecurity Specialist
STD-1363,3.48,1st Year,77,75,77,81,81,78,4,2,3,3,3,2,2,4,1,1,R&D / Creative,4,Cybersecurity Specialist
STD-1364,3.37,4th Year,79,70,73,82,93,80,3,3,2,2,3,2,1,5,1,2,Consulting / Management,5,Cybersecurity Specialist
STD-1365,3.25,3rd Year,63,69,78,92,78,74,3,2,3,3,3,1,1,5,1,3,Technical Specialist,6,Cybersecurity Specialist
STD-1366,3.32,3rd Year,82,58,83,95,81,75,3,2,3,3,4,2,2,4,1,2,Consulting / Management,6,Cybersecurity Specialist
STD-1367,3.02,3rd Year,77,69,84,88,63,88,3,2,4,2,4,2,2,5,1,1,Technical Specialist,6,Cybersecurity Specialist
STD-1368,3.31,3rd Year,76,60,76,100,67,82,3,3,4,2,4,2,1,5,0,3,Consulting / Management,4,Cybersecurity Specialist
STD-1369,3.03,2nd Year,83,63,68,98,76,64,4,3,3,2,3,2,1,4,1,1,Consulting / Management,3,Cybersecurity Specialist
STD-1370,3.54,2nd Year,76,84,67,98,81,73,3,3,3,3,3,3,2,4,0,4,R&D / Creative,3,Cybersecurity Specialist
STD-1371,3.54,2nd Year,67,87,80,88,82,72,4,3,1,2,4,2,1,4,1,7,Consulting / Management,2,Cybersecurity Specialist
STD-1372,3.51,3rd Year,76,74,77,95,71,72,4,4,3,3,4,2,2,4,1,3,Technical Specialist,3,Cybersecurity Specialist
STD-1373,3.96,3rd Year,86,63,75,91,80,80,4,3,3,4,4,2,2,5,1,6,Technical Specialist,4,Cybersecurity Specialist
STD-1374,3.1,2nd Year,74,72,72,100,69,87,4,3,3,2,3,2,2,4,1,5,Technical Specialist,5,Cybersecurity Specialist
STD-1375,3.91,2nd Year,76,61,63,100,75,71,3,3,2,3,4,1,2,5,1,2,Technical Specialist,6,Cybersecurity Specialist
STD-1376,3.5,3rd Year,77,67,66,83,74,62,4,3,4,3,3,1,1,5,1,3,Consulting / Management,4,Cybersecurity Specialist
STD-1377,3.27,4th Year,74,84,65,100,67,70,3,3,3,2,4,2,1,4,0,2,Consulting / Management,6,Cybersecurity Specialist
STD-1378,3.63,4th Year,71,65,77,93,70,71,4,3,3,2,4,2,2,4,0,5,Consulting / Management,5,Cybersecurity Specialist
STD-1379,3.21,3rd Year,86,60,73,85,84,78,4,2,4,3,3,1,1,4,1,4,Technical Specialist,4,Cybersecurity Specialist
STD-1380,2.97,3rd Year,75,78,68,100,69,70,3,2,2,2,4,2,2,4,1,3,Technical Specialist,5,Cybersecurity Specialist
STD-1381,3.52,3rd Year,78,78,70,100,71,73,3,2,2,3,3,2,1,4,0,4,Consulting / Management,4,Cybersecurity Specialist
STD-1382,3.49,2nd Year,78,76,81,89,77,68,3,3,4,1,4,3,2,5,0,1,Consulting / Management,4,Cybersecurity Specialist
STD-1383,3.34,2nd Year,79,71,82,95,70,85,3,3,4,4,4,2,1,5,0,2,Technical Specialist,5,Cybersecurity Specialist
STD-1384,3.61,4th Year,66,82,73,100,81,79,3,3,3,2,3,1,2,5,1,3,Consulting / Management,3,Cybersecurity Specialist
STD-1385,3.33,3rd Year,82,67,72,96,61,84,4,4,4,2,2,3,1,4,1,2,Consulting / Management,5,Cybersecurity Specialist
STD-1386,3.3,4th Year,90,51,70,90,79,79,2,3,3,3,3,2,2,5,1,6,Consulting / Management,4,Cybersecurity Specialist
STD-1387,3.37,3rd Year,82,78,76,96,61,59,3,3,2,2,4,2,1,5,1,7,Consulting / Management,3,Cybersecurity Specialist
STD-1388,3.62,2nd Year,76,59,78,88,78,83,4,3,3,3,4,2,2,5,0,5,Consulting / Management,8,Cybersecurity Specialist
STD-1389,3.59,3rd Year,76,70,76,74,66,67,4,4,3,3,4,2,2,5,1,6,Technical Specialist,4,Cybersecurity Specialist
STD-1390,3.59,3rd Year,70,77,75,96,67,59,3,3,2,2,3,3,1,5,0,1,Technical Specialist,4,Cybersecurity Specialist
STD-1391,3.57,3rd Year,73,69,73,78,80,70,3,2,2,3,4,2,1,3,1,3,Technical Specialist,7,Cybersecurity Specialist
STD-1392,3.48,1st Year,78,71,74,89,63,73,4,3,4,3,3,2,2,5,0,5,R&D / Creative,4,Cybersecurity Specialist
STD-1393,3.67,3rd Year,78,78,73,89,81,83,3,2,3,3,3,2,1,3,1,1,Consulting / Management,4,Cybersecurity Specialist
STD-1394,3.02,3rd Year,72,73,70,95,69,59,3,2,3,3,3,3,1,4,1,3,Consulting / Management,3,Cybersecurity Specialist
STD-1395,3.59,3rd Year,76,82,81,86,81,83,4,3,3,2,4,2,1,4,1,6,Technical Specialist,2,Cybersecurity Specialist
STD-1396,3.67,2nd Year,71,75,74,90,63,74,3,2,4,3,3,1,1,5,1,1,Consulting / Management,5,Cybersecurity Specialist
STD-1397,2.95,2nd Year,72,69,75,85,72,73,4,2,2,3,4,2,2,4,1,1,Technical Specialist,5,Cybersecurity Specialist
STD-1398,3.33,4th Year,74,55,78,98,64,70,3,4,3,3,4,2,2,5,0,1,Consulting / Management,4,Cybersecurity Specialist
STD-1399,3.2,4th Year,69,64,61,99,86,78,2,3,3,3,3,2,1,5,0,1,Consulting / Management,3,Cybersecurity Specialist
STD-1400,3.84,3rd Year,74,67,74,96,73,81,4,3,2,3,4,1,2,4,1,4,Technical Specialist,5,Cybersecurity Specialist
STD-1401,2.99,2nd Year,64,76,72,98,74,76,3,3,2,2,4,2,2,4,1,3,Technical Specialist,6,Cybersecurity Specialist
STD-1402,3.35,3rd Year,71,69,70,92,70,76,3,3,3,2,3,2,1,4,0,5,Consulting / Management,6,Cybersecurity Specialist
STD-1403,3.26,3rd Year,80,62,83,86,76,82,3,4,3,2,4,2,3,4,0,1,Consulting / Management,4,Cybersecurity Specialist
STD-1404,3.67,3rd Year,87,62,68,89,80,87,3,3,3,4,4,2,1,5,0,6,Technical Specialist,4,Cybersecurity Specialist
STD-1405,3.37,3rd Year,64,68,74,93,76,73,4,3,3,2,3,2,1,4,0,3,R&D / Creative,5,Cybersecurity Specialist
